Method,Job,AnalyzeLaunchVariance,EvaluateOverhead,MaxAbsoluteError,MaxRelativeError,MinInvokeCount,MinIterationTime,OutlierMode,Affinity,EnvironmentVariables,Jit,LargeAddressAware,Platform,PowerPlanMode,Runtime,AllowVeryLargeObjects,Concurrent,CpuGroups,Force,HeapAffinitizeMask,HeapCount,NoAffinitize,RetainVm,Server,Arguments,BuildConfiguration,Clock,EngineFactory,NuGetReferences,Toolchain,IsMutator,InvocationCount,IterationCount,IterationTime,LaunchCount,MaxIterationCount,MaxWarmupIterationCount,MemoryRandomization,MinIterationCount,MinWarmupIterationCount,RunStrategy,UnrollFactor,WarmupCount,Workload,Mean,Error,StdDev,Ratio,RatioSD,Gen0,Gen1,Gen2,Allocated,Alloc Ratio
Utf8,ShortRun,False,Default,Default,Default,Default,Default,Default,11111111111111111111111111111111,Empty,RyuJit,Default,X64,8c5e7fda-e8bf-4a96-9a85-a6e23a8c635c,.NET 10.0,False,True,False,True,Default,Default,False,False,False,Default,Default,Default,Default,Default,Default,Default,Default,3,Default,3,Default,Default,Default,Default,Default,Default,16,3,conditional-heavy,"25,125.4 ns","1,262.61 ns",751.36 ns,1.00,0.04,2.1057,0.0000,0.0000,35352 B,1.00
TextWriter,ShortRun,False,Default,Default,Default,Default,Default,Default,11111111111111111111111111111111,Empty,RyuJit,Default,X64,8c5e7fda-e8bf-4a96-9a85-a6e23a8c635c,.NET 10.0,False,True,False,True,Default,Default,False,False,False,Default,Default,Default,Default,Default,Default,Default,Default,3,Default,3,Default,Default,Default,Default,Default,Default,16,3,conditional-heavy,"18,460.8 ns","2,244.42 ns","1,335.62 ns",0.74,0.05,2.1057,0.0000,0.0000,35344 B,1.00
String,ShortRun,False,Default,Default,Default,Default,Default,Default,11111111111111111111111111111111,Empty,RyuJit,Default,X64,8c5e7fda-e8bf-4a96-9a85-a6e23a8c635c,.NET 10.0,False,True,False,True,Default,Default,False,False,False,Default,Default,Default,Default,Default,Default,Default,Default,3,Default,3,Default,Default,Default,Default,Default,Default,16,3,conditional-heavy,"18,456.6 ns",406.62 ns,241.98 ns,0.74,0.02,7.8735,0.0000,0.0000,131768 B,3.73
Utf8,ShortRun,False,Default,Default,Default,Default,Default,Default,11111111111111111111111111111111,Empty,RyuJit,Default,X64,8c5e7fda-e8bf-4a96-9a85-a6e23a8c635c,.NET 10.0,False,True,False,True,Default,Default,False,False,False,Default,Default,Default,Default,Default,Default,Default,Default,3,Default,3,Default,Default,Default,Default,Default,Default,16,3,fragment-heavy,"4,293.4 ns",70.29 ns,41.83 ns,1.00,0.01,0.1831,0.0000,0.0000,3088 B,1.00
TextWriter,ShortRun,False,Default,Default,Default,Default,Default,Default,11111111111111111111111111111111,Empty,RyuJit,Default,X64,8c5e7fda-e8bf-4a96-9a85-a6e23a8c635c,.NET 10.0,False,True,False,True,Default,Default,False,False,False,Default,Default,Default,Default,Default,Default,Default,Default,3,Default,3,Default,Default,Default,Default,Default,Default,16,3,fragment-heavy,"2,958.6 ns",51.75 ns,30.79 ns,0.69,0.01,0.1831,0.0000,0.0000,3080 B,1.00
String,ShortRun,False,Default,Default,Default,Default,Default,Default,11111111111111111111111111111111,Empty,RyuJit,Default,X64,8c5e7fda-e8bf-4a96-9a85-a6e23a8c635c,.NET 10.0,False,True,False,True,Default,Default,False,False,False,Default,Default,Default,Default,Default,Default,Default,Default,3,Default,3,Default,Default,Default,Default,Default,Default,16,3,fragment-heavy,"3,553.7 ns",72.10 ns,42.90 ns,0.83,0.01,2.4376,0.3014,0.0000,40768 B,13.20
Utf8,ShortRun,False,Default,Default,Default,Default,Default,Default,11111111111111111111111111111111,Empty,RyuJit,Default,X64,8c5e7fda-e8bf-4a96-9a85-a6e23a8c635c,.NET 10.0,False,True,False,True,Default,Default,False,False,False,Default,Default,Default,Default,Default,Default,Default,Default,3,Default,3,Default,Default,Default,Default,Default,Default,16,3,large-loop,"216,677.9 ns","1,540.60 ns",916.79 ns,1.00,0.01,23.1934,0.0000,0.0000,390536 B,1.00
TextWriter,ShortRun,False,Default,Default,Default,Default,Default,Default,11111111111111111111111111111111,Empty,RyuJit,Default,X64,8c5e7fda-e8bf-4a96-9a85-a6e23a8c635c,.NET 10.0,False,True,False,True,Default,Default,False,False,False,Default,Default,Default,Default,Default,Default,Default,Default,3,Default,3,Default,Default,Default,Default,Default,Default,16,3,large-loop,"157,812.3 ns","1,367.94 ns",814.04 ns,0.73,0.00,23.1934,0.0000,0.0000,390528 B,1.00
String,ShortRun,False,Default,Default,Default,Default,Default,Default,11111111111111111111111111111111,Empty,RyuJit,Default,X64,8c5e7fda-e8bf-4a96-9a85-a6e23a8c635c,.NET 10.0,False,True,False,True,Default,Default,False,False,False,Default,Default,Default,Default,Default,Default,Default,Default,3,Default,3,Default,Default,Default,Default,Default,Default,16,3,large-loop,"2,576,255.1 ns","77,069.59 ns","45,862.88 ns",11.89,0.21,210.9375,183.5938,164.0625,1579495 B,4.04
Utf8,ShortRun,False,Default,Default,Default,Default,Default,Default,11111111111111111111111111111111,Empty,RyuJit,Default,X64,8c5e7fda-e8bf-4a96-9a85-a6e23a8c635c,.NET 10.0,False,True,False,True,Default,Default,False,False,False,Default,Default,Default,Default,Default,Default,Default,Default,3,Default,3,Default,Default,Default,Default,Default,Default,16,3,mixed-page,"4,314.0 ns",58.80 ns,34.99 ns,1.00,0.01,0.2365,0.0000,0.0000,3984 B,1.00
TextWriter,ShortRun,False,Default,Default,Default,Default,Default,Default,11111111111111111111111111111111,Empty,RyuJit,Default,X64,8c5e7fda-e8bf-4a96-9a85-a6e23a8c635c,.NET 10.0,False,True,False,True,Default,Default,False,False,False,Default,Default,Default,Default,Default,Default,Default,Default,3,Default,3,Default,Default,Default,Default,Default,Default,16,3,mixed-page,"2,670.9 ns",171.29 ns,101.93 ns,0.62,0.02,0.2365,0.0000,0.0000,3976 B,1.00
String,ShortRun,False,Default,Default,Default,Default,Default,Default,11111111111111111111111111111111,Empty,RyuJit,Default,X64,8c5e7fda-e8bf-4a96-9a85-a6e23a8c635c,.NET 10.0,False,True,False,True,Default,Default,False,False,False,Default,Default,Default,Default,Default,Default,Default,Default,3,Default,3,Default,Default,Default,Default,Default,Default,16,3,mixed-page,"3,313.7 ns",51.23 ns,30.49 ns,0.77,0.01,4.2305,0.4692,0.0000,70816 B,17.78
Utf8,ShortRun,False,Default,Default,Default,Default,Default,Default,11111111111111111111111111111111,Empty,RyuJit,Default,X64,8c5e7fda-e8bf-4a96-9a85-a6e23a8c635c,.NET 10.0,False,True,False,True,Default,Default,False,False,False,Default,Default,Default,Default,Default,Default,Default,Default,3,Default,3,Default,Default,Default,Default,Default,Default,16,3,trivial-substitution,203.2 ns,6.09 ns,3.63 ns,1.00,0.02,0.0105,0.0000,0.0000,176 B,1.00
TextWriter,ShortRun,False,Default,Default,Default,Default,Default,Default,11111111111111111111111111111111,Empty,RyuJit,Default,X64,8c5e7fda-e8bf-4a96-9a85-a6e23a8c635c,.NET 10.0,False,True,False,True,Default,Default,False,False,False,Default,Default,Default,Default,Default,Default,Default,Default,3,Default,3,Default,Default,Default,Default,Default,Default,16,3,trivial-substitution,130.0 ns,0.69 ns,0.41 ns,0.64,0.01,0.0100,0.0000,0.0000,168 B,0.95
String,ShortRun,False,Default,Default,Default,Default,Default,Default,11111111111111111111111111111111,Empty,RyuJit,Default,X64,8c5e7fda-e8bf-4a96-9a85-a6e23a8c635c,.NET 10.0,False,True,False,True,Default,Default,False,False,False,Default,Default,Default,Default,Default,Default,Default,Default,3,Default,3,Default,Default,Default,Default,Default,Default,16,3,trivial-substitution,189.3 ns,4.89 ns,2.91 ns,0.93,0.02,0.1721,0.0010,0.0000,2880 B,16.36
